{"mean":{"confidence_interval":{"confidence_level":0.95,"lower_bound":0.11198875155828447,"upper_bound":0.23659334039920132},"point_estimate":0.17102658823431538,"standard_error":0.03179806443902351},"median":{"confidence_interval":{"confidence_level":0.95,"lower_bound":0.09416243400738633,"upper_bound":0.27666496229372606},"point_estimate":0.18458129406852897,"standard_error":0.050127059511464366}}