{"mean":{"confidence_interval":{"confidence_level":0.95,"lower_bound":5755351.327750006,"upper_bound":6191387.214931821},"point_estimate":5971738.66636364,"standard_error":111740.49903765191},"median":{"confidence_interval":{"confidence_level":0.95,"lower_bound":5680996.2272727275,"upper_bound":6139620.772727273},"point_estimate":5944574.545454545,"standard_error":126383.73548432448},"median_abs_dev":{"confidence_interval":{"confidence_level":0.95,"lower_bound":808755.1856599072,"upper_bound":1357172.5550326435},"point_estimate":1110839.1759241172,"standard_error":140713.20600954982},"slope":null,"std_dev":{"confidence_interval":{"confidence_level":0.95,"lower_bound":954721.1417573513,"upper_bound":1282704.533518345},"point_estimate":1127033.9723542642,"standard_error":83725.39058914667}}