{"mean":{"confidence_interval":{"confidence_level":0.95,"lower_bound":5625307.273166666,"upper_bound":6016946.1988888895},"point_estimate":5819043.406666665,"standard_error":100056.30251081866},"median":{"confidence_interval":{"confidence_level":0.95,"lower_bound":5500494.111111111,"upper_bound":6073118.444444444},"point_estimate":5724993.388888889,"standard_error":146355.5690201272},"median_abs_dev":{"confidence_interval":{"confidence_level":0.95,"lower_bound":849873.3362783985,"upper_bound":1263073.6194759607},"point_estimate":1027929.5571506023,"standard_error":104861.35140067677},"slope":null,"std_dev":{"confidence_interval":{"confidence_level":0.95,"lower_bound":865964.4229518182,"upper_bound":1138176.0906961653},"point_estimate":1007895.2677697593,"standard_error":69531.66427148737}}