{"mean":{"confidence_interval":{"confidence_level":0.95,"lower_bound":4393508.828384616,"upper_bound":4734100.321211539},"point_estimate":4563353.896923077,"standard_error":86697.40293963785},"median":{"confidence_interval":{"confidence_level":0.95,"lower_bound":4329131.615384615,"upper_bound":4815218.038461538},"point_estimate":4586515.76923077,"standard_error":130781.19607129671},"median_abs_dev":{"confidence_interval":{"confidence_level":0.95,"lower_bound":747067.6998984359,"upper_bound":1175883.2265546687},"point_estimate":964639.2460357684,"standard_error":107085.28118077276},"slope":null,"std_dev":{"confidence_interval":{"confidence_level":0.95,"lower_bound":763752.7711197404,"upper_bound":966424.8235902889},"point_estimate":871312.8961244731,"standard_error":51788.933833861156}}