{"mean":{"confidence_interval":{"confidence_level":0.95,"lower_bound":4504653.494999999,"upper_bound":4880988.039166666},"point_estimate":4693443.869999999,"standard_error":96034.30342997103},"median":{"confidence_interval":{"confidence_level":0.95,"lower_bound":4370753.125,"upper_bound":5065834.333333333},"point_estimate":4751931.666666666,"standard_error":174957.65469975417},"median_abs_dev":{"confidence_interval":{"confidence_level":0.95,"lower_bound":842370.1860949402,"upper_bound":1261816.9924482715},"point_estimate":1075296.278859676,"standard_error":106837.41267170808},"slope":null,"std_dev":{"confidence_interval":{"confidence_level":0.95,"lower_bound":833575.481282654,"upper_bound":1092714.8478926113},"point_estimate":966084.196165533,"standard_error":66319.48388130717}}