{"mean":{"confidence_interval":{"confidence_level":0.95,"lower_bound":3062470.4900000007,"upper_bound":3268919.0000000005},"point_estimate":3164792.5594117646,"standard_error":52795.22626420314},"median":{"confidence_interval":{"confidence_level":0.95,"lower_bound":3000168.117647059,"upper_bound":3247117.0588235296},"point_estimate":3116761.911764706,"standard_error":70576.52649006752},"median_abs_dev":{"confidence_interval":{"confidence_level":0.95,"lower_bound":338345.2737461119,"upper_bound":582748.303724738},"point_estimate":453915.1190531604,"standard_error":61638.42784564279},"slope":null,"std_dev":{"confidence_interval":{"confidence_level":0.95,"lower_bound":444291.0161399156,"upper_bound":608118.3000781306},"point_estimate":529838.7497022268,"standard_error":41851.079732372236}}