{"mean":{"confidence_interval":{"confidence_level":0.95,"lower_bound":10654538.041699998,"upper_bound":11810821.238549994},"point_estimate":11211839.404000001,"standard_error":295228.27137444733},"median":{"confidence_interval":{"confidence_level":0.95,"lower_bound":10279231.6,"upper_bound":11342782.3},"point_estimate":10759125.1,"standard_error":251818.48950841973},"median_abs_dev":{"confidence_interval":{"confidence_level":0.95,"lower_bound":1601263.7173318858,"upper_bound":3032749.5743179317},"point_estimate":2301221.403905153,"standard_error":374739.38724592025},"slope":null,"std_dev":{"confidence_interval":{"confidence_level":0.95,"lower_bound":2373668.278864894,"upper_bound":3512589.7345780563},"point_estimate":2968663.8537423755,"standard_error":290773.6019571705}}