{"mean":{"confidence_interval":{"confidence_level":0.95,"lower_bound":3317726.445625,"upper_bound":3542684.1254374995},"point_estimate":3428945.58,"standard_error":57799.273956646815},"median":{"confidence_interval":{"confidence_level":0.95,"lower_bound":3264696.25,"upper_bound":3464076.875},"point_estimate":3358920.53125,"standard_error":53226.04331454229},"median_abs_dev":{"confidence_interval":{"confidence_level":0.95,"lower_bound":370435.4334047064,"upper_bound":647311.2101454288},"point_estimate":512217.30285007507,"standard_error":70009.92814956253},"slope":null,"std_dev":{"confidence_interval":{"confidence_level":0.95,"lower_bound":484225.1815219128,"upper_bound":670222.8531227894},"point_estimate":580886.0098238952,"standard_error":47353.52644435508}}