{"mean":{"confidence_interval":{"confidence_level":0.95,"lower_bound":-0.34714025689518657,"upper_bound":-0.2927623224470616},"point_estimate":-0.31949154423464865,"standard_error":0.013839254583180692},"median":{"confidence_interval":{"confidence_level":0.95,"lower_bound":-0.3425933016915176,"upper_bound":-0.2880538494174505},"point_estimate":-0.3157942961489989,"standard_error":0.013178276102430777}}