{"mean":{"confidence_interval":{"confidence_level":0.95,"lower_bound":-0.7632389444019596,"upper_bound":-0.7273628944050017},"point_estimate":-0.7456551271799161,"standard_error":0.009141066577063584},"median":{"confidence_interval":{"confidence_level":0.95,"lower_bound":-0.7714442448938598,"upper_bound":-0.7138127061092516},"point_estimate":-0.7571730539313262,"standard_error":0.013804521425611867}}