{"mean":{"confidence_interval":{"confidence_level":0.95,"lower_bound":-0.02911023750414645,"upper_bound":0.010045715219954118},"point_estimate":-0.00951194087649565,"standard_error":0.009963765673756102},"median":{"confidence_interval":{"confidence_level":0.95,"lower_bound":-0.020295947514963997,"upper_bound":0.010243967601424764},"point_estimate":-0.002134162125223771,"standard_error":0.007552209334707837}}