{"mean":{"confidence_interval":{"confidence_level":0.95,"lower_bound":-0.3256111992420736,"upper_bound":-0.3023639698372008},"point_estimate":-0.314240846864954,"standard_error":0.005913679798535191},"median":{"confidence_interval":{"confidence_level":0.95,"lower_bound":-0.3249632328811456,"upper_bound":-0.3055583614532418},"point_estimate":-0.31570987747147683,"standard_error":0.004760929934678902}}