{"mean":{"confidence_interval":{"confidence_level":0.95,"lower_bound":0.7071966350528094,"upper_bound":0.7649764256600212},"point_estimate":0.7375932915446293,"standard_error":0.014720036843734836},"median":{"confidence_interval":{"confidence_level":0.95,"lower_bound":0.7072003826938542,"upper_bound":0.7750967984347148},"point_estimate":0.7391517306255944,"standard_error":0.017558952148128457}}