{"mean":{"confidence_interval":{"confidence_level":0.95,"lower_bound":-0.7599803277790546,"upper_bound":-0.7368955790727689},"point_estimate":-0.7487288531704772,"standard_error":0.005902339881349257},"median":{"confidence_interval":{"confidence_level":0.95,"lower_bound":-0.7610057614101357,"upper_bound":-0.7332273701889199},"point_estimate":-0.749912487599847,"standard_error":0.006817087321611158}}