{"mean":{"confidence_interval":{"confidence_level":0.95,"lower_bound":-0.18456614050698175,"upper_bound":-0.15083559388993587},"point_estimate":-0.16714891179054092,"standard_error":0.008636047017959534},"median":{"confidence_interval":{"confidence_level":0.95,"lower_bound":-0.18044452795299104,"upper_bound":-0.15277165053226505},"point_estimate":-0.16914623900938552,"standard_error":0.007305968230730047}}