{"mean":{"confidence_interval":{"confidence_level":0.95,"lower_bound":3369055.7191333333,"upper_bound":3660534.4855999984},"point_estimate":3512931.3713333323,"standard_error":74339.8233329611},"median":{"confidence_interval":{"confidence_level":0.95,"lower_bound":3274420.466666667,"upper_bound":3530562.5},"point_estimate":3415355.5666666664,"standard_error":65387.44024092044},"median_abs_dev":{"confidence_interval":{"confidence_level":0.95,"lower_bound":508307.2264957423,"upper_bound":892585.2788734434},"point_estimate":696843.0899685622,"standard_error":92458.50488568094},"slope":null,"std_dev":{"confidence_interval":{"confidence_level":0.95,"lower_bound":641912.8991687091,"upper_bound":838474.1958006074},"point_estimate":746573.0040989912,"standard_error":50089.74844303296}}