{"mean":{"confidence_interval":{"confidence_level":0.95,"lower_bound":11087195.747812498,"upper_bound":11962231.426125},"point_estimate":11523367.6,"standard_error":223381.14802073763},"median":{"confidence_interval":{"confidence_level":0.95,"lower_bound":10935794.5,"upper_bound":12101507.125},"point_estimate":11559636.75,"standard_error":324218.61732213496},"median_abs_dev":{"confidence_interval":{"confidence_level":0.95,"lower_bound":1718877.3910213264,"upper_bound":2825734.362383187},"point_estimate":2394101.881521195,"standard_error":278404.3713790551},"slope":null,"std_dev":{"confidence_interval":{"confidence_level":0.95,"lower_bound":1911388.101995157,"upper_bound":2549106.0558426897},"point_estimate":2245215.064057798,"standard_error":163361.435733315}}