{"mean":{"confidence_interval":{"confidence_level":0.95,"lower_bound":108571.7874706499,"upper_bound":113459.09455159232},"point_estimate":110963.45269195802,"standard_error":1245.9703113924652},"median":{"confidence_interval":{"confidence_level":0.95,"lower_bound":106258.52083333333,"upper_bound":112193.0727360681},"point_estimate":108498.96924603175,"standard_error":1420.8177354910713},"median_abs_dev":{"confidence_interval":{"confidence_level":0.95,"lower_bound":8492.184661770356,"upper_bound":13559.704727247248},"point_estimate":10903.889579239229,"standard_error":1264.5084563820578},"slope":{"confidence_interval":{"confidence_level":0.95,"lower_bound":103418.17002355159,"upper_bound":107418.61440977077},"point_estimate":105379.67620622137,"standard_error":1020.2191222814216},"std_dev":{"confidence_interval":{"confidence_level":0.95,"lower_bound":10435.241604843863,"upper_bound":14383.41810840849},"point_estimate":12528.914797088948,"standard_error":1012.046937929228}}