{"mean":{"confidence_interval":{"confidence_level":0.95,"lower_bound":-0.4138969199351568,"upper_bound":-0.3825715252590828},"point_estimate":-0.39874416362126996,"standard_error":0.008004752791612509},"median":{"confidence_interval":{"confidence_level":0.95,"lower_bound":-0.431759976186331,"upper_bound":-0.3815009476091631},"point_estimate":-0.41938921939613794,"standard_error":0.013238410279815328}}