{"mean":{"confidence_interval":{"confidence_level":0.95,"lower_bound":4223379.006886363,"upper_bound":4620506.727477275},"point_estimate":4417078.314545455,"standard_error":101818.68241445624},"median":{"confidence_interval":{"confidence_level":0.95,"lower_bound":4161653.8636363638,"upper_bound":4613056.136363637},"point_estimate":4401003.818181818,"standard_error":122977.2886706103},"median_abs_dev":{"confidence_interval":{"confidence_level":0.95,"lower_bound":658753.0372909328,"upper_bound":1099841.7210557242},"point_estimate":858865.8517339012,"standard_error":119155.0056916237},"slope":null,"std_dev":{"confidence_interval":{"confidence_level":0.95,"lower_bound":806729.3556503314,"upper_bound":1257208.2418581184},"point_estimate":1020022.8574962836,"standard_error":118059.94583037539}}