{"mean":{"confidence_interval":{"confidence_level":0.95,"lower_bound":-0.5913862757455359,"upper_bound":-0.5296701774293805},"point_estimate":-0.5602719214193269,"standard_error":0.015703433627008025},"median":{"confidence_interval":{"confidence_level":0.95,"lower_bound":-0.5772306694582655,"upper_bound":-0.5272000317984753},"point_estimate":-0.5579286434283797,"standard_error":0.013021851047725892}}