{"mean":{"confidence_interval":{"confidence_level":0.95,"lower_bound":1.0667815138046641,"upper_bound":1.2776877429437492},"point_estimate":1.1726872023078503,"standard_error":0.05367502013604757},"median":{"confidence_interval":{"confidence_level":0.95,"lower_bound":1.0708442274890828,"upper_bound":1.3649479691093491},"point_estimate":1.2446438109709925,"standard_error":0.0768018594370118}}