{"mean":{"confidence_interval":{"confidence_level":0.95,"lower_bound":3354033.163571428,"upper_bound":3673821.122035714},"point_estimate":3511355.5085714287,"standard_error":81519.47908477626},"median":{"confidence_interval":{"confidence_level":0.95,"lower_bound":3149421.6428571427,"upper_bound":3647844.6428571427},"point_estimate":3347092.4285714286,"standard_error":121653.78587401866},"median_abs_dev":{"confidence_interval":{"confidence_level":0.95,"lower_bound":593872.5752566541,"upper_bound":985689.5426005125},"point_estimate":844806.2743516904,"standard_error":101273.08633008457},"slope":null,"std_dev":{"confidence_interval":{"confidence_level":0.95,"lower_bound":696219.9861884947,"upper_bound":935757.008034723},"point_estimate":818408.6172503111,"standard_error":61266.56984747206}}