{"mean":{"confidence_interval":{"confidence_level":0.95,"lower_bound":871.4009438514257,"upper_bound":896.5855875118609},"point_estimate":883.9721596735004,"standard_error":6.399394355069403},"median":{"confidence_interval":{"confidence_level":0.95,"lower_bound":880.1309380032206,"upper_bound":906.7743453049009},"point_estimate":897.0430478395062,"standard_error":6.387825151338695},"median_abs_dev":{"confidence_interval":{"confidence_level":0.95,"lower_bound":35.40865473248184,"upper_bound":76.08070684629362},"point_estimate":54.46310230027906,"standard_error":10.122024003526024},"slope":{"confidence_interval":{"confidence_level":0.95,"lower_bound":907.5189109683702,"upper_bound":922.6453073286473},"point_estimate":915.244826398809,"standard_error":3.8547066140051194},"std_dev":{"confidence_interval":{"confidence_level":0.95,"lower_bound":55.21673981877365,"upper_bound":72.68717102151257},"point_estimate":64.28892294015708,"standard_error":4.448037713244567}}