{"mean":{"confidence_interval":{"confidence_level":0.95,"lower_bound":-0.7122924776851179,"upper_bound":-0.675414913256056},"point_estimate":-0.6941674370775709,"standard_error":0.009434180935146537},"median":{"confidence_interval":{"confidence_level":0.95,"lower_bound":-0.7038466810776387,"upper_bound":-0.6688291040160841},"point_estimate":-0.6878072798642336,"standard_error":0.008847329419481704}}