{"mean":{"confidence_interval":{"confidence_level":0.95,"lower_bound":0.4285323160807809,"upper_bound":0.6007165308534601},"point_estimate":0.5131584945749244,"standard_error":0.04392984034010722},"median":{"confidence_interval":{"confidence_level":0.95,"lower_bound":0.4313386322768342,"upper_bound":0.6586051223196321},"point_estimate":0.5524384233308945,"standard_error":0.05856652476379048}}