{"mean":{"confidence_interval":{"confidence_level":0.95,"lower_bound":13069.70764298343,"upper_bound":13451.701034046784},"point_estimate":13255.945947333428,"standard_error":97.71703951076198},"median":{"confidence_interval":{"confidence_level":0.95,"lower_bound":12826.1,"upper_bound":13284.653695179644},"point_estimate":12994.553019460851,"standard_error":134.14319963025997},"median_abs_dev":{"confidence_interval":{"confidence_level":0.95,"lower_bound":603.1276247680312,"upper_bound":1082.501230421627},"point_estimate":763.7756865171945,"standard_error":126.18111925514422},"slope":{"confidence_interval":{"confidence_level":0.95,"lower_bound":13229.454118519996,"upper_bound":13674.92049677344},"point_estimate":13449.343477217872,"standard_error":113.38003246064245},"std_dev":{"confidence_interval":{"confidence_level":0.95,"lower_bound":834.5529968268627,"upper_bound":1101.1185275599119},"point_estimate":979.4816433220343,"standard_error":68.0004921723773}}