{"mean":{"confidence_interval":{"confidence_level":0.95,"lower_bound":4052333.7945454563,"upper_bound":4389193.353522727},"point_estimate":4219391.666363637,"standard_error":86067.7660152531},"median":{"confidence_interval":{"confidence_level":0.95,"lower_bound":3901459.090909091,"upper_bound":4361718.863636363},"point_estimate":4199119.636363637,"standard_error":119310.93738893165},"median_abs_dev":{"confidence_interval":{"confidence_level":0.95,"lower_bound":738657.9262952921,"upper_bound":1177079.7884117477},"point_estimate":951962.4823174694,"standard_error":111008.80323623722},"slope":null,"std_dev":{"confidence_interval":{"confidence_level":0.95,"lower_bound":754561.0685503583,"upper_bound":961012.1130308248},"point_estimate":865374.0040174702,"standard_error":52659.12833663688}}