{"mean":{"confidence_interval":{"confidence_level":0.95,"lower_bound":1.8687408041431022,"upper_bound":2.248812855575445},"point_estimate":2.050175886640444,"standard_error":0.09697173260156391},"median":{"confidence_interval":{"confidence_level":0.95,"lower_bound":1.8876425129144008,"upper_bound":2.4525395705884567},"point_estimate":2.208420311809791,"standard_error":0.14543005652013472}}