{"mean":{"confidence_interval":{"confidence_level":0.95,"lower_bound":-0.35605643904555223,"upper_bound":-0.3287026406669122},"point_estimate":-0.34275100817435766,"standard_error":0.006980531563174197},"median":{"confidence_interval":{"confidence_level":0.95,"lower_bound":-0.3611075854728568,"upper_bound":-0.3266066198369799},"point_estimate":-0.3460265526708721,"standard_error":0.008529148281368523}}