{"mean":{"confidence_interval":{"confidence_level":0.95,"lower_bound":3374325.0243571447,"upper_bound":3705167.295},"point_estimate":3537952.991428571,"standard_error":84546.80773342069},"median":{"confidence_interval":{"confidence_level":0.95,"lower_bound":3345117.0357142854,"upper_bound":3632891.285714286},"point_estimate":3494196.4642857146,"standard_error":77308.5331301719},"median_abs_dev":{"confidence_interval":{"confidence_level":0.95,"lower_bound":575680.7029296244,"upper_bound":1026246.3296304857},"point_estimate":855879.4429051024,"standard_error":117467.72391741132},"slope":null,"std_dev":{"confidence_interval":{"confidence_level":0.95,"lower_bound":726921.1912324661,"upper_bound":965920.0862400774},"point_estimate":852111.7386465333,"standard_error":61067.72175917332}}