{"mean":{"confidence_interval":{"confidence_level":0.95,"lower_bound":-0.5911505574664437,"upper_bound":-0.5540694707687968},"point_estimate":-0.5721200295629917,"standard_error":0.009452852048862018},"median":{"confidence_interval":{"confidence_level":0.95,"lower_bound":-0.5642543921323167,"upper_bound":-0.5340458340608957},"point_estimate":-0.5453595191179432,"standard_error":0.0077073064929224265}}