{"mean":{"confidence_interval":{"confidence_level":0.95,"lower_bound":1.73730591953733,"upper_bound":2.079117207209216},"point_estimate":1.9032308371972495,"standard_error":0.08701028465372806},"median":{"confidence_interval":{"confidence_level":0.95,"lower_bound":1.6882268832829666,"upper_bound":2.1526144626322608},"point_estimate":1.8907336956733527,"standard_error":0.11511246756762322}}