{"mean":{"confidence_interval":{"confidence_level":0.95,"lower_bound":7837782.602125001,"upper_bound":8330311.175000001},"point_estimate":8085386.313333333,"standard_error":125354.69263814624},"median":{"confidence_interval":{"confidence_level":0.95,"lower_bound":7701568.166666666,"upper_bound":8513384.25},"point_estimate":8029003.833333333,"standard_error":222704.60153124138},"median_abs_dev":{"confidence_interval":{"confidence_level":0.95,"lower_bound":1092670.9915012135,"upper_bound":1725578.588464857},"point_estimate":1479343.5663864012,"standard_error":159258.1209756119},"slope":null,"std_dev":{"confidence_interval":{"confidence_level":0.95,"lower_bound":1113775.4802478119,"upper_bound":1394235.5240036028},"point_estimate":1263449.1571831058,"standard_error":71496.7034391711}}