{"mean":{"confidence_interval":{"confidence_level":0.95,"lower_bound":6438664.090000003,"upper_bound":6928531.8750714315},"point_estimate":6683739.572857145,"standard_error":124829.14737826068},"median":{"confidence_interval":{"confidence_level":0.95,"lower_bound":6389796.714285715,"upper_bound":7092895.428571428},"point_estimate":6832287.428571429,"standard_error":178558.31652497902},"median_abs_dev":{"confidence_interval":{"confidence_level":0.95,"lower_bound":882749.3435280666,"upper_bound":1427112.1738261934},"point_estimate":1155328.7374888146,"standard_error":139475.89759227022},"slope":null,"std_dev":{"confidence_interval":{"confidence_level":0.95,"lower_bound":1075444.4122951045,"upper_bound":1426130.2838968707},"point_estimate":1259270.6918830238,"standard_error":89760.06758326551}}