{"mean":{"confidence_interval":{"confidence_level":0.95,"lower_bound":-0.6247402908129882,"upper_bound":-0.5841794012574689},"point_estimate":-0.6050449154685081,"standard_error":0.010348456290859478},"median":{"confidence_interval":{"confidence_level":0.95,"lower_bound":-0.6348719105866696,"upper_bound":-0.5811341437151502},"point_estimate":-0.611721315944072,"standard_error":0.014022273804204552}}