{"mean":{"confidence_interval":{"confidence_level":0.95,"lower_bound":-0.025809438269761113,"upper_bound":0.08665207403225433},"point_estimate":0.028507535469610934,"standard_error":0.028714733929130234},"median":{"confidence_interval":{"confidence_level":0.95,"lower_bound":-0.056041642637103206,"upper_bound":0.13319675652613427},"point_estimate":0.03606569905321377,"standard_error":0.048045987579086014}}