{"mean":{"confidence_interval":{"confidence_level":0.95,"lower_bound":0.3750895401034023,"upper_bound":0.46879370799746106},"point_estimate":0.41995302924006883,"standard_error":0.02414491298071988},"median":{"confidence_interval":{"confidence_level":0.95,"lower_bound":0.34551693289378305,"upper_bound":0.4469689428368018},"point_estimate":0.3786675029374882,"standard_error":0.03016942163885363}}