{"mean":{"confidence_interval":{"confidence_level":0.95,"lower_bound":6956411.800499998,"upper_bound":7446625.677714286},"point_estimate":7198934.9828571435,"standard_error":125584.83667035901},"median":{"confidence_interval":{"confidence_level":0.95,"lower_bound":6830693.785714285,"upper_bound":7384172.857142857},"point_estimate":7117934.0,"standard_error":160062.61775104897},"median_abs_dev":{"confidence_interval":{"confidence_level":0.95,"lower_bound":760522.3190980294,"upper_bound":1311359.0413187237},"point_estimate":982038.4283653329,"standard_error":141495.62051482135},"slope":null,"std_dev":{"confidence_interval":{"confidence_level":0.95,"lower_bound":1061659.282677269,"upper_bound":1438717.2356509361},"point_estimate":1261771.0554298847,"standard_error":96077.58805908018}}