{"mean":{"confidence_interval":{"confidence_level":0.95,"lower_bound":0.2859792865828003,"upper_bound":0.3339743960029794},"point_estimate":0.3095648411944829,"standard_error":0.012235318939077498},"median":{"confidence_interval":{"confidence_level":0.95,"lower_bound":0.2645037139172721,"upper_bound":0.3206993550835353},"point_estimate":0.2872885566665615,"standard_error":0.015237652344656837}}