{"mean":{"confidence_interval":{"confidence_level":0.95,"lower_bound":0.643247946132236,"upper_bound":0.7826401662716829},"point_estimate":0.7125958312775122,"standard_error":0.036418913550424266},"median":{"confidence_interval":{"confidence_level":0.95,"lower_bound":0.5804135314361116,"upper_bound":0.7398089984144158},"point_estimate":0.673751719209779,"standard_error":0.042934498661498705}}