{"mean":{"confidence_interval":{"confidence_level":0.95,"lower_bound":0.7879754213373746,"upper_bound":0.9920134179887065},"point_estimate":0.8868339598773574,"standard_error":0.052023375438618714},"median":{"confidence_interval":{"confidence_level":0.95,"lower_bound":0.7672809296740934,"upper_bound":1.0202752410003852},"point_estimate":0.9169608187718061,"standard_error":0.06540401622184805}}