{"mean":{"confidence_interval":{"confidence_level":0.95,"lower_bound":0.8569203137443981,"upper_bound":0.9400479840958499},"point_estimate":0.9010212739899168,"standard_error":0.021422153928664263},"median":{"confidence_interval":{"confidence_level":0.95,"lower_bound":0.8604537340601928,"upper_bound":0.9494904454732618},"point_estimate":0.9109257370281683,"standard_error":0.023164141922880233}}