{"mean":{"confidence_interval":{"confidence_level":0.95,"lower_bound":3043702.497088235,"upper_bound":3291274.1497058826},"point_estimate":3164951.868235294,"standard_error":63090.03896077227},"median":{"confidence_interval":{"confidence_level":0.95,"lower_bound":2989897.1764705884,"upper_bound":3292127.8529411764},"point_estimate":3101041.2352941176,"standard_error":82395.96860365105},"median_abs_dev":{"confidence_interval":{"confidence_level":0.95,"lower_bound":500117.7308799592,"upper_bound":802465.782506325},"point_estimate":676462.2707021587,"standard_error":79529.02749834351},"slope":null,"std_dev":{"confidence_interval":{"confidence_level":0.95,"lower_bound":536992.6233576499,"upper_bound":731093.9691740132},"point_estimate":634545.896377318,"standard_error":49635.36098331356}}