{"mean":{"confidence_interval":{"confidence_level":0.95,"lower_bound":0.3277323727058129,"upper_bound":0.45336316806269833},"point_estimate":0.3894700122137258,"standard_error":0.031996125730281544},"median":{"confidence_interval":{"confidence_level":0.95,"lower_bound":0.3040771809055467,"upper_bound":0.5094066878401566},"point_estimate":0.4024477039425207,"standard_error":0.05098636058590824}}