{"mean":{"confidence_interval":{"confidence_level":0.95,"lower_bound":0.9470059594695144,"upper_bound":1.2294973638672295},"point_estimate":1.0845476926197541,"standard_error":0.07223662308934745},"median":{"confidence_interval":{"confidence_level":0.95,"lower_bound":0.8559420413736725,"upper_bound":1.1423396420105048},"point_estimate":0.9524041357255661,"standard_error":0.0728652645440764}}