{"mean":{"confidence_interval":{"confidence_level":0.95,"lower_bound":1.3024712606586273,"upper_bound":1.4568501269783176},"point_estimate":1.377393925147436,"standard_error":0.038645394458573616},"median":{"confidence_interval":{"confidence_level":0.95,"lower_bound":1.2276948433890063,"upper_bound":1.3273624928778436},"point_estimate":1.2935469479657717,"standard_error":0.027305808293880865}}