{"mean":{"confidence_interval":{"confidence_level":0.95,"lower_bound":-0.06907820510292817,"upper_bound":-0.027780794423156858},"point_estimate":-0.049025314422338484,"standard_error":0.010519397035359385},"median":{"confidence_interval":{"confidence_level":0.95,"lower_bound":-0.0650080585198679,"upper_bound":-0.01797485014514677},"point_estimate":-0.0434760831082045,"standard_error":0.01178726913592918}}