{"mean":{"confidence_interval":{"confidence_level":0.95,"lower_bound":0.5806707149768796,"upper_bound":0.7032774907595769},"point_estimate":0.6394212852957912,"standard_error":0.030812977123635146},"median":{"confidence_interval":{"confidence_level":0.95,"lower_bound":0.5404126764952488,"upper_bound":0.6315101470507447},"point_estimate":0.5676901184464243,"standard_error":0.02426323144542287}}