{"mean":{"confidence_interval":{"confidence_level":0.95,"lower_bound":-0.15647050125173892,"upper_bound":-0.12309801289774332},"point_estimate":-0.13987650823754139,"standard_error":0.00854521554799691},"median":{"confidence_interval":{"confidence_level":0.95,"lower_bound":-0.1536403731935534,"upper_bound":-0.12401947020870407},"point_estimate":-0.13804512280918402,"standard_error":0.00779348649590582}}