{"mean":{"confidence_interval":{"confidence_level":0.95,"lower_bound":4395241.770840907,"upper_bound":4709982.044068182},"point_estimate":4551212.624545454,"standard_error":80705.38947820522},"median":{"confidence_interval":{"confidence_level":0.95,"lower_bound":4260404.0,"upper_bound":4734360.545454546},"point_estimate":4488360.545454545,"standard_error":102623.8874985506},"median_abs_dev":{"confidence_interval":{"confidence_level":0.95,"lower_bound":668558.5104216228,"upper_bound":1044243.2785700673},"point_estimate":859030.2181582557,"standard_error":98540.41173679227},"slope":null,"std_dev":{"confidence_interval":{"confidence_level":0.95,"lower_bound":701719.2454478606,"upper_bound":901066.2954351722},"point_estimate":807778.1359115968,"standard_error":50871.78284931444}}