{"mean":{"confidence_interval":{"confidence_level":0.95,"lower_bound":10259081.137874998,"upper_bound":11152993.743708331},"point_estimate":10710251.901666665,"standard_error":228639.9929664058},"median":{"confidence_interval":{"confidence_level":0.95,"lower_bound":10058188.333333334,"upper_bound":11280837.5},"point_estimate":10738879.333333334,"standard_error":307927.61109516484},"median_abs_dev":{"confidence_interval":{"confidence_level":0.95,"lower_bound":1964775.5849182606,"upper_bound":3158859.9975690236},"point_estimate":2645030.8768913154,"standard_error":323214.5062269555},"slope":null,"std_dev":{"confidence_interval":{"confidence_level":0.95,"lower_bound":2030594.342194372,"upper_bound":2550457.62516944},"point_estimate":2307312.3283486515,"standard_error":132786.91452307362}}